{"count":1,"self":5177.7675264,"total":5360.4763164,"children":{"InitializeSensors":{"count":4,"self":0.0020001999999999997,"total":0.0020001999999999997,"children":null},"AgentSendState":{"count":541184,"self":3.1990616,"total":17.392221799999998,"children":{"CollectObservations":{"count":216476,"self":0.48603009999999996,"total":0.48603009999999996,"children":null},"CollectDiscreteActionMasks":{"count":216476,"self":0.3290625,"total":0.3290625,"children":null},"RequestDecision":{"count":216476,"self":2.7935065999999997,"total":13.3780676,"children":{"AgentInfo.ToProto":{"count":216476,"self":1.2322267,"total":10.584560999999999,"children":{"GenerateSensorData":{"count":216476,"self":2.538474,"total":9.352334299999999,"children":{"RayPerceptionSensor.Perceive":{"count":216476,"self":6.81386,"total":6.8138602,"children":null}}}}}}}}},"DecideAction":{"count":541184,"self":160.86741759999998,"total":160.867422,"children":null},"AgentAct":{"count":541184,"self":4.3539211999999994,"total":4.3639307999999994,"children":{"AgentInfo.ToProto":{"count":148,"self":0,"total":0.0100097,"children":{"GenerateSensorData":{"count":148,"self":0,"total":0.0100097,"children":{"RayPerceptionSensor.Perceive":{"count":148,"self":0.0100097,"total":0.0100097,"children":null}}}}}}},"AgentInfo.ToProto":{"count":1146,"self":0.0090016,"total":0.0820183,"children":{"GenerateSensorData":{"count":1146,"self":0.0260069,"total":0.07301669999999999,"children":{"RayPerceptionSensor.Perceive":{"count":1146,"self":0.0470098,"total":0.0470098,"children":null}}}}}},"gauges":{"CuriosityEx.CumulativeReward":{"count":1294,"max":1.66600072,"min":-4.99982,"runningAverage":0.09920532,"value":0.6919949,"weightedAverage":1.05875623}},"metadata":{"timer_format_version":"0.1.0","start_time_seconds":"1602323953","unity_version":"2019.4.10f1","command_line_arguments":"C:\\Program Files\\Unity\\Hub\\Editor\\2019.4.10f1\\Editor\\Unity.exe -projectpath D:\/10_unity\/RollerBall -useHub -hubIPC -cloudEnvironment production -hubSessionId e66fb4b0-0ade-11eb-b76a-47b4723d4e71 -accessToken tSu7opLOTkRbhPLOc2DHKXdoBXBzJ-RnTRXk4VWZrtc00ef","communication_protocol_version":"1.0.0","com.unity.ml-agents_version":"1.3.0-preview","scene_name":"Curiosity","end_time_seconds":"1602329313"}}