{"count":1,"self":1726.8365311999999,"total":2145.8130252,"children":{"InitializeSensors":{"count":1,"self":0.0020007,"total":0.0020007,"children":null},"AgentSendState":{"count":1816001,"self":6.2235435999999993,"total":20.3154903,"children":{"CollectObservations":{"count":181601,"self":0.45803059999999995,"total":0.45803059999999995,"children":null},"CollectDiscreteActionMasks":{"count":181601,"self":0.3230707,"total":0.3230707,"children":null},"RequestDecision":{"count":181601,"self":2.8153248,"total":13.310845299999999,"children":{"AgentInfo.ToProto":{"count":181601,"self":1.2706145,"total":10.495520599999999,"children":{"GenerateSensorData":{"count":181601,"self":2.5886907999999997,"total":9.2249061,"children":{"RayPerceptionSensor.Perceive":{"count":181601,"self":6.6362152,"total":6.6362153,"children":null}}}}}}}}},"DecideAction":{"count":1816001,"self":390.63421439999996,"total":390.634208,"children":null},"AgentAct":{"count":1816001,"self":7.9347584,"total":7.9437577999999993,"children":{"AgentInfo.ToProto":{"count":102,"self":0,"total":0.0089997,"children":{"GenerateSensorData":{"count":102,"self":0.0020001,"total":0.0089997,"children":{"RayPerceptionSensor.Perceive":{"count":102,"self":0.0069996,"total":0.0069996,"children":null}}}}}}},"AgentInfo.ToProto":{"count":1287,"self":0.0060028,"total":0.079973099999999991,"children":{"GenerateSensorData":{"count":1287,"self":0.0229686,"total":0.0739703,"children":{"RayPerceptionSensor.Perceive":{"count":1287,"self":0.0510017,"total":0.0510017,"children":null}}}}}},"gauges":{"ImitationEx.CumulativeReward":{"count":1389,"max":1.6520009,"min":-4.99982,"runningAverage":0.546468,"value":-0.121028662,"weightedAverage":0.3051499}},"metadata":{"timer_format_version":"0.1.0","start_time_seconds":"1602383024","unity_version":"2019.4.10f1","command_line_arguments":"C:\\Program Files\\Unity\\Hub\\Editor\\2019.4.10f1\\Editor\\Unity.exe -projectpath D:\/10_unity\/RollerBall -useHub -hubIPC -cloudEnvironment production -hubSessionId 1a1ba7e0-0b63-11eb-8039-f5126607563f -accessToken 6mzHd_fCINsaNUR7ZWVQEMPbfja95o7bGCbzRUG7ov000ef","communication_protocol_version":"1.0.0","com.unity.ml-agents_version":"1.3.0-preview","scene_name":"Imitation","end_time_seconds":"1602385170"}}