{"count":1,"self":14.040236799999999,"total":23.0914738,"children":{"InitializeSensors":{"count":4,"self":0.0010003,"total":0.0010003,"children":null},"AgentSendState":{"count":27951,"self":0.1591368,"total":0.4852319,"children":{"CollectObservations":{"count":11184,"self":0.034011099999999996,"total":0.034011099999999996,"children":null},"CollectDiscreteActionMasks":{"count":11184,"self":0.022005999999999998,"total":0.022005999999999998,"children":null},"RequestDecision":{"count":11184,"self":0.1370161,"total":0.270078,"children":{"AgentInfo.ToProto":{"count":11184,"self":0.0570173,"total":0.13306189999999998,"children":{"GenerateSensorData":{"count":11184,"self":0.07604459999999999,"total":0.07604459999999999,"children":null}}}}}}},"DecideAction":{"count":27951,"self":8.3679288,"total":8.3679287,"children":null},"AgentAct":{"count":27951,"self":0.17807109999999998,"total":0.1960758,"children":{"AgentInfo.ToProto":{"count":982,"self":0.0060015999999999993,"total":0.0180047,"children":{"GenerateSensorData":{"count":982,"self":0.0120031,"total":0.0120031,"children":null}}}}}},"gauges":{"RollerBall.CumulativeReward":{"count":982,"max":3,"min":0,"runningAverage":0.8839109,"value":1,"weightedAverage":1.0006026}},"metadata":{"timer_format_version":"0.1.0","start_time_seconds":"1600753368","unity_version":"2019.4.10f1","command_line_arguments":"C:\\Program Files\\Unity\\Hub\\Editor\\2019.4.10f1\\Editor\\Unity.exe -projectpath D:\/10_unity\/RollerBall -useHub -hubIPC -cloudEnvironment production -hubSessionId d311cd20-fc94-11ea-bce1-f98300795cb0 -accessToken xRbX5Gp__Nnl_FtSS2PuDSH4A8k05wr1dI6ah1zOzdk00ef","communication_protocol_version":"1.0.0","com.unity.ml-agents_version":"1.3.0-preview","scene_name":"MutliScene","end_time_seconds":"1600753391"}}