{"count":1,"self":838.03136,"total":1326.1406531999999,"children":{"InitializeSensors":{"count":1,"self":0.0010007,"total":0.0010007,"children":null},"AgentSendState":{"count":2360667,"self":7.280888,"total":21.8770828,"children":{"CollectObservations":{"count":236067,"self":0.34014079999999997,"total":0.34014079999999997,"children":null},"CollectDiscreteActionMasks":{"count":236067,"self":0.37634439999999997,"total":0.37634439999999997,"children":null},"RequestDecision":{"count":236067,"self":3.4226296,"total":13.879709499999999,"children":{"AgentInfo.ToProto":{"count":236067,"self":1.448416,"total":10.45708,"children":{"GenerateSensorData":{"count":236067,"self":2.5435209999999997,"total":9.008664,"children":{"RayPerceptionSensor.Perceive":{"count":236067,"self":6.4651432,"total":6.4651429999999994,"children":null}}}}}}}}},"DecideAction":{"count":2360667,"self":455.99175679999996,"total":455.99174919999996,"children":null},"AgentAct":{"count":2360667,"self":10.0454408,"total":10.239479,"children":{"AgentInfo.ToProto":{"count":4850,"self":0.032008,"total":0.19403789999999999,"children":{"GenerateSensorData":{"count":4850,"self":0.044009099999999995,"total":0.1620299,"children":{"RayPerceptionSensor.Perceive":{"count":4850,"self":0.1180208,"total":0.1180208,"children":null}}}}}}}},"gauges":{"RollerBall.CumulativeReward":{"count":4850,"max":4,"min":0,"runningAverage":0.5049485,"value":0,"weightedAverage":0.205502316}},"metadata":{"timer_format_version":"0.1.0","start_time_seconds":"1600853021","unity_version":"2019.4.10f1","command_line_arguments":"C:\\Program Files\\Unity\\Hub\\Editor\\2019.4.10f1\\Editor\\Unity.exe -projectpath D:\/10_unity\/RollerBall -useHub -hubIPC -cloudEnvironment production -hubSessionId 2a9807c0-fd7c-11ea-96ca-05a0f4666468 -accessToken sr7BEQDB6cqPNvRQbPqoilrbQ2EKJkVILgdUHX-YOaM00ef","communication_protocol_version":"1.0.0","com.unity.ml-agents_version":"1.3.0-preview","scene_name":"RaycastObservation","end_time_seconds":"1600854347"}}