{"count":1,"self":15.1095712,"total":27.9558687,"children":{"InitializeSensors":{"count":1,"self":0.0010004,"total":0.0010004,"children":null},"AgentSendState":{"count":55467,"self":0.2000696,"total":0.36920169999999997,"children":{"CollectObservations":{"count":5547,"self":0.020005099999999998,"total":0.020005099999999998,"children":null},"CollectDiscreteActionMasks":{"count":5547,"self":0.0070000999999999996,"total":0.0070000999999999996,"children":null},"RequestDecision":{"count":5547,"self":0.080002099999999993,"total":0.1421269,"children":{"AgentInfo.ToProto":{"count":5547,"self":0.027007299999999998,"total":0.062124799999999994,"children":{"GenerateSensorData":{"count":5547,"self":0.035117499999999996,"total":0.035117499999999996,"children":null}}}}}}},"DecideAction":{"count":55467,"self":12.2750528,"total":12.275053,"children":null},"AgentAct":{"count":55467,"self":0.194042,"total":0.20004229999999998,"children":{"AgentInfo.ToProto":{"count":547,"self":0.0050008,"total":0.0060003,"children":{"GenerateSensorData":{"count":547,"self":0.0009995,"total":0.0009995,"children":null}}}}}},"gauges":{"RollerBall.CumulativeReward":{"count":547,"max":5,"min":0,"runningAverage":0.40950647,"value":0,"weightedAverage":0.524369}},"metadata":{"timer_format_version":"0.1.0","start_time_seconds":"1600837116","unity_version":"2019.4.10f1","command_line_arguments":"C:\\Program Files\\Unity\\Hub\\Editor\\2019.4.10f1\\Editor\\Unity.exe -projectpath D:\/10_unity\/RollerBall -useHub -hubIPC -cloudEnvironment production -hubSessionId ada8ed60-fd58-11ea-8997-fb62565bba66 -accessToken JxtslfNSTHpTfAGQmj34gtsM0sDmQQbqp_W3RLKaU4E00ef","communication_protocol_version":"1.0.0","com.unity.ml-agents_version":"1.3.0-preview","scene_name":"SingleScene","end_time_seconds":"1600837144"}}